Mar-01-2025,Mar-04-2025,
Mar-16-2025,Mar-19-2025,
Mar-31-2025,Apr-03-2025,
Apr-15-2025,Apr-18-2025,
Apr-30-2025,May-03-2025,
May-15-2025,May-18-2025,
May-30-2025,Jun-02-2025,
Jun-14-2025,Jun-17-2025,
Jun-29-2025,Jul-02-2025,
Jul-14-2025,Jul-17-2025,
Jul-29-2025,Aug-01-2025,
Aug-13-2025,Aug-16-2025,
Aug-28-2025,Aug-31-2025,
Sep-12-2025,Sep-15-2025,
Sep-27-2025,Sep-30-2025,
Oct-10-2025,Oct-13-2025,
Oct-25-2025,Oct-28-2025,
Nov-09-2025,Nov-12-2025,
Nov-24-2025,Nov-27-2025,
Dec-09-2025,Dec-12-2025,
Dec-22-2025,Dec-25-2025,