Mar-04-2025,Mar-07-2025,
Mar-19-2025,Mar-22-2025,
Apr-03-2025,Apr-06-2025,
Apr-18-2025,Apr-21-2025,
May-03-2025,May-06-2025,
May-18-2025,May-21-2025,
Jun-02-2025,Jun-05-2025,
Jun-17-2025,Jun-20-2025,
Jul-02-2025,Jul-05-2025,
Jul-17-2025,Jul-20-2025,
Aug-01-2025,Aug-04-2025,
Aug-16-2025,Aug-19-2025,
Aug-31-2025,Sep-03-2025,
Sep-15-2025,Sep-18-2025,
Sep-30-2025,Oct-03-2025,
Oct-13-2025,Oct-16-2025,
Oct-28-2025,Oct-31-2025,
Nov-12-2025,Nov-15-2025,
Nov-27-2025,Nov-30-2025,
Dec-12-2025,Dec-15-2025,
Dec-25-2025,Dec-28-2025,